id,date,calories
1503960366,4/12/2016,1985
1624580081,4/12/2016,1432
1644430081,4/12/2016,3199
1844505072,4/12/2016,2030
1927972279,4/12/2016,2220
2022484408,4/12/2016,2390
2026352035,4/12/2016,1459
2320127002,4/12/2016,2124
2347167796,4/12/2016,2344
2873212765,4/12/2016,1982
3372868164,4/12/2016,1788
3977333714,4/12/2016,1450
4020332650,4/12/2016,3654
4057192912,4/12/2016,2286
4319703577,4/12/2016,2115
4388161847,4/12/2016,2955
4445114986,4/12/2016,2113
4558609924,4/12/2016,1909
4702921684,4/12/2016,2947
5553957443,4/12/2016,2026
5577150313,4/12/2016,3405
6117666160,4/12/2016,1496
6290855005,4/12/2016,2560
6775888955,4/12/2016,1841
6962181067,4/12/2016,1994
7007744171,4/12/2016,2937
7086361926,4/12/2016,2772
8053475328,4/12/2016,3186
8253242879,4/12/2016,2044
8378563200,4/12/2016,3635
8583815059,4/12/2016,2650
8792009665,4/12/2016,2044
8877689391,4/12/2016,3921
1503960366,4/13/2016,1797
1624580081,4/13/2016,1411
1644430081,4/13/2016,2902
1844505072,4/13/2016,1860
1927972279,4/13/2016,2151
2022484408,4/13/2016,2601
2026352035,4/13/2016,1521
2320127002,4/13/2016,2003
2347167796,4/13/2016,2038
2873212765,4/13/2016,2004
3372868164,4/13/2016,2093
3977333714,4/13/2016,1495
4020332650,4/13/2016,1981
4057192912,4/13/2016,2306
4319703577,4/13/2016,2135
4388161847,4/13/2016,3092
4445114986,4/13/2016,2095
4558609924,4/13/2016,1722
4702921684,4/13/2016,2898
5553957443,4/13/2016,1718
5577150313,4/13/2016,2551
6117666160,4/13/2016,1496
6290855005,4/13/2016,2905
6775888955,4/13/2016,2400
6962181067,4/13/2016,1718
7007744171,4/13/2016,2742
7086361926,4/13/2016,2516
8053475328,4/13/2016,3140
8253242879,4/13/2016,1935
8378563200,4/13/2016,4079
8583815059,4/13/2016,2654
8792009665,4/13/2016,1934
8877689391,4/13/2016,3566
1503960366,4/14/2016,1776
1624580081,4/14/2016,1572
1644430081,4/14/2016,3226
1844505072,4/14/2016,2130
1927972279,4/14/2016,2383
2022484408,4/14/2016,2312
2026352035,4/14/2016,1431
2320127002,4/14/2016,1696
2347167796,4/14/2016,2010
2873212765,4/14/2016,1893
3372868164,4/14/2016,2065
3977333714,4/14/2016,1433
4020332650,4/14/2016,2011
4057192912,4/14/2016,1776
4319703577,4/14/2016,2302
4388161847,4/14/2016,2998
4445114986,4/14/2016,2194
4558609924,4/14/2016,1922
4702921684,4/14/2016,2984
5553957443,4/14/2016,2324
5577150313,4/14/2016,4022
6117666160,4/14/2016,1496
6290855005,4/14/2016,2952
6775888955,4/14/2016,2507
6962181067,4/14/2016,1466
7007744171,4/14/2016,2668
7086361926,4/14/2016,2734
8053475328,4/14/2016,3411
8253242879,4/14/2016,1705
8378563200,4/14/2016,4163
8583815059,4/14/2016,2443
8792009665,4/14/2016,1963
8877689391,4/14/2016,3793
1503960366,4/15/2016,1745
1624580081,4/15/2016,1344
1644430081,4/15/2016,2750
1844505072,4/15/2016,1725
1927972279,4/15/2016,2221
2022484408,4/15/2016,2525
2026352035,4/15/2016,1444
2320127002,4/15/2016,1801
2347167796,4/15/2016,2133
2873212765,4/15/2016,2063
3372868164,4/15/2016,1908
3977333714,4/15/2016,1468
4020332650,4/15/2016,2951
4057192912,4/15/2016,1527
4319703577,4/15/2016,1985
4388161847,4/15/2016,3066
4445114986,4/15/2016,2496
4558609924,4/15/2016,2121
4702921684,4/15/2016,2896
5553957443,4/15/2016,2254
5577150313,4/15/2016,4005
6117666160,4/15/2016,2865
6290855005,4/15/2016,2896
6775888955,4/15/2016,2127
6962181067,4/15/2016,1756
7007744171,4/15/2016,2098
7086361926,4/15/2016,2395
8053475328,4/15/2016,3410
8253242879,4/15/2016,1632
8378563200,4/15/2016,3666
8583815059,4/15/2016,2505
8792009665,4/15/2016,2009
8877689391,4/15/2016,3934
1503960366,4/16/2016,1863
1624580081,4/16/2016,1463
1644430081,4/16/2016,3493
1844505072,4/16/2016,1657
1927972279,4/16/2016,2064
2022484408,4/16/2016,2177
2026352035,4/16/2016,1373
2320127002,4/16/2016,1724
2347167796,4/16/2016,2670
2873212765,4/16/2016,2148
3372868164,4/16/2016,1908
3977333714,4/16/2016,1625
4020332650,4/16/2016,3051
4319703577,4/16/2016,1884
4388161847,4/16/2016,3073
4445114986,4/16/2016,2180
4558609924,4/16/2016,1997
4702921684,4/16/2016,3328
5553957443,4/16/2016,1831
5577150313,4/16/2016,4274
6117666160,4/16/2016,2828
6290855005,4/16/2016,2783
6775888955,4/16/2016,2225
6962181067,4/16/2016,2173
7007744171,4/16/2016,2076
7086361926,4/16/2016,1635
8053475328,4/16/2016,2867
8253242879,4/16/2016,1880
8378563200,4/16/2016,3363
8583815059,4/16/2016,2693
8792009665,4/16/2016,1721
8877689391,4/16/2016,4547
1503960366,4/17/2016,1728
1624580081,4/17/2016,1554
1644430081,4/17/2016,3011
1844505072,4/17/2016,1793
1927972279,4/17/2016,2063
2022484408,4/17/2016,2782
2026352035,4/17/2016,1214
2320127002,4/17/2016,1852
2347167796,4/17/2016,1882
2873212765,4/17/2016,1529
3372868164,4/17/2016,1964
3977333714,4/17/2016,1529
4020332650,4/17/2016,1990
4319703577,4/17/2016,1464
4388161847,4/17/2016,2572
4445114986,4/17/2016,1933
4558609924,4/17/2016,2117
4702921684,4/17/2016,3394
5553957443,4/17/2016,1397
5577150313,4/17/2016,4552
6117666160,4/17/2016,2225
6290855005,4/17/2016,3171
6775888955,4/17/2016,2067
6962181067,4/17/2016,2027
7007744171,4/17/2016,2383
7086361926,4/17/2016,1629
8053475328,4/17/2016,3213
8253242879,4/17/2016,2112
8378563200,4/17/2016,2572
8583815059,4/17/2016,2439
8792009665,4/17/2016,1688
8877689391,4/17/2016,3545
1503960366,4/18/2016,1921
1624580081,4/18/2016,1604
1644430081,4/18/2016,2806
1844505072,4/18/2016,1814
1927972279,4/18/2016,2111
2022484408,4/18/2016,2770
2026352035,4/18/2016,1419
2320127002,4/18/2016,1905
2347167796,4/18/2016,1944
2873212765,4/18/2016,1890
3372868164,4/18/2016,2014
3977333714,4/18/2016,1584
4020332650,4/18/2016,1995
4319703577,4/18/2016,1632
4388161847,4/18/2016,3274
4445114986,4/18/2016,2248
4558609924,4/18/2016,2116
4702921684,4/18/2016,3013
5553957443,4/18/2016,1683
5577150313,4/18/2016,3625
6117666160,4/18/2016,2018
6290855005,4/18/2016,2766
6775888955,4/18/2016,2798
6962181067,4/18/2016,2039
7007744171,4/18/2016,2832
7086361926,4/18/2016,2743
8053475328,4/18/2016,3133
8253242879,4/18/2016,1829
8378563200,4/18/2016,4157
8583815059,4/18/2016,2536
8792009665,4/18/2016,1688
8877689391,4/18/2016,2761
1503960366,4/19/2016,2035
1624580081,4/19/2016,1435
1644430081,4/19/2016,3300
1844505072,4/19/2016,1366
1927972279,4/19/2016,2063
2022484408,4/19/2016,2489
2026352035,4/19/2016,1356
2320127002,4/19/2016,1811
2347167796,4/19/2016,2346
2873212765,4/19/2016,1956
3372868164,4/19/2016,1985
3977333714,4/19/2016,1638
4020332650,4/19/2016,1980
4319703577,4/19/2016,2200
4388161847,4/19/2016,3015
4445114986,4/19/2016,1954
4558609924,4/19/2016,1876
4702921684,4/19/2016,2812
5553957443,4/19/2016,2284
5577150313,4/19/2016,3501
6117666160,4/19/2016,2606
6290855005,4/19/2016,2839
6775888955,4/19/2016,1841
6962181067,4/19/2016,2046
7007744171,4/19/2016,2812
7086361926,4/19/2016,2944
8053475328,4/19/2016,3114
8253242879,4/19/2016,1763
8378563200,4/19/2016,4092
8583815059,4/19/2016,2668
8792009665,4/19/2016,1688
8877689391,4/19/2016,3676
1503960366,4/20/2016,1786
1624580081,4/20/2016,1446
1644430081,4/20/2016,2430
1844505072,4/20/2016,1349
1927972279,4/20/2016,2063
2022484408,4/20/2016,2897
2026352035,4/20/2016,1667
2320127002,4/20/2016,1922
2347167796,4/20/2016,2198
2873212765,4/20/2016,2094
3372868164,4/20/2016,1867
3977333714,4/20/2016,1554
4020332650,4/20/2016,1980
4319703577,4/20/2016,2220
4388161847,4/20/2016,3083
4445114986,4/20/2016,1974
4558609924,4/20/2016,1788
4702921684,4/20/2016,3061
5553957443,4/20/2016,1570
5577150313,4/20/2016,3192
6117666160,4/20/2016,2536
6290855005,4/20/2016,2701
6775888955,4/20/2016,3727
6962181067,4/20/2016,2174
7007744171,4/20/2016,3096
7086361926,4/20/2016,2997
8053475328,4/20/2016,3043
8253242879,4/20/2016,1931
8378563200,4/20/2016,3787
8583815059,4/20/2016,2647
8792009665,4/20/2016,2188
8877689391,4/20/2016,3679
1503960366,4/21/2016,1775
1624580081,4/21/2016,1467
1644430081,4/21/2016,2140
1844505072,4/21/2016,2062
1927972279,4/21/2016,2064
2022484408,4/21/2016,3158
2026352035,4/21/2016,1370
2320127002,4/21/2016,1610
2347167796,4/21/2016,2048
2873212765,4/21/2016,1970
3372868164,4/21/2016,2124
3977333714,4/21/2016,1397
4020332650,4/21/2016,1980
4319703577,4/21/2016,1792
4388161847,4/21/2016,3069
4445114986,4/21/2016,2150
4558609924,4/21/2016,2486
4702921684,4/21/2016,2729
5553957443,4/21/2016,2066
5577150313,4/21/2016,4018
6117666160,4/21/2016,4900
6290855005,4/21/2016,2060
6775888955,4/21/2016,1841
6962181067,4/21/2016,2179
7007744171,4/21/2016,2763
7086361926,4/21/2016,2463
8053475328,4/21/2016,3103
8253242879,4/21/2016,2218
8378563200,4/21/2016,4236
8583815059,4/21/2016,2883
8792009665,4/21/2016,1720
8877689391,4/21/2016,3659
1503960366,4/22/2016,1827
1624580081,4/22/2016,1470
1644430081,4/22/2016,2344
1844505072,4/22/2016,1827
1927972279,4/22/2016,2093
2022484408,4/22/2016,2638
2026352035,4/22/2016,1399
2320127002,4/22/2016,1851
2347167796,4/22/2016,1946
2873212765,4/22/2016,2241
3372868164,4/22/2016,1669
3977333714,4/22/2016,1481
4020332650,4/22/2016,1980
4319703577,4/22/2016,1886
4388161847,4/22/2016,3544
4445114986,4/22/2016,2432
4558609924,4/22/2016,2094
4702921684,4/22/2016,2241
5553957443,4/22/2016,2105
5577150313,4/22/2016,3329
6117666160,4/22/2016,2409
6290855005,4/22/2016,2796
6775888955,4/22/2016,1922
6962181067,4/22/2016,2086
7007744171,4/22/2016,2889
7086361926,4/22/2016,2846
8053475328,4/22/2016,2655
8253242879,4/22/2016,1651
8378563200,4/22/2016,4044
8583815059,4/22/2016,2944
8792009665,4/22/2016,2419
8877689391,4/22/2016,3427
1503960366,4/23/2016,1949
1624580081,4/23/2016,1562
1644430081,4/23/2016,2677
1844505072,4/23/2016,1645
1927972279,4/23/2016,2499
2022484408,4/23/2016,2069
2026352035,4/23/2016,1916
2320127002,4/23/2016,1804
2347167796,4/23/2016,2629
2873212765,4/23/2016,2021
3372868164,4/23/2016,1995
3977333714,4/23/2016,1638
4020332650,4/23/2016,1980
4319703577,4/23/2016,1945
4388161847,4/23/2016,3306
4445114986,4/23/2016,2149
4558609924,4/23/2016,2085
4702921684,4/23/2016,3691
5553957443,4/23/2016,1776
5577150313,4/23/2016,3152
6117666160,4/23/2016,2651
6290855005,4/23/2016,2664
6775888955,4/23/2016,1841
6962181067,4/23/2016,2571
7007744171,4/23/2016,2284
7086361926,4/23/2016,1965
8053475328,4/23/2016,3554
8253242879,4/23/2016,2132
8378563200,4/23/2016,2908
8583815059,4/23/2016,3012
8792009665,4/23/2016,2748
8877689391,4/23/2016,3891
1503960366,4/24/2016,1788
1624580081,4/24/2016,1617
1644430081,4/24/2016,2413
1844505072,4/24/2016,1347
1927972279,4/24/2016,2324
2022484408,4/24/2016,2529
2026352035,4/24/2016,1401
2320127002,4/24/2016,1725
2347167796,4/24/2016,2187
2873212765,4/24/2016,1898
3372868164,4/24/2016,1921
3977333714,4/24/2016,1655
4020332650,4/24/2016,1980
4319703577,4/24/2016,1880
4388161847,4/24/2016,2885
4445114986,4/24/2016,2247
4558609924,4/24/2016,2173
4702921684,4/24/2016,3538
5553957443,4/24/2016,1507
5577150313,4/24/2016,4392
6117666160,4/24/2016,2305
6290855005,4/24/2016,2703
6775888955,4/24/2016,2053
6962181067,4/24/2016,1705
7007744171,4/24/2016,2667
7086361926,4/24/2016,2049
8053475328,4/24/2016,3577
8253242879,4/24/2016,1976
8378563200,4/24/2016,2741
8583815059,4/24/2016,2889
8792009665,4/24/2016,1799
8877689391,4/24/2016,3455
1503960366,4/25/2016,2013
1624580081,4/25/2016,1492
1644430081,4/25/2016,2497
1844505072,4/25/2016,1347
1927972279,4/25/2016,2100
2022484408,4/25/2016,2470
2026352035,4/25/2016,1576
2320127002,4/25/2016,1654
2347167796,4/25/2016,2095
2873212765,4/25/2016,1907
3372868164,4/25/2016,2010
3977333714,4/25/2016,1570
4020332650,4/25/2016,1980
4319703577,4/25/2016,2314
4388161847,4/25/2016,3288
4445114986,4/25/2016,2070
4558609924,4/25/2016,2225
4702921684,4/25/2016,3064
5553957443,4/25/2016,2033
5577150313,4/25/2016,3374
6117666160,4/25/2016,1497
6290855005,4/25/2016,2771
6775888955,4/25/2016,2484
6962181067,4/25/2016,2194
7007744171,4/25/2016,3055
7086361926,4/25/2016,2752
8053475328,4/25/2016,3403
8253242879,4/25/2016,1909
8378563200,4/25/2016,4005
8583815059,4/25/2016,2547
8792009665,4/25/2016,1688
8877689391,4/25/2016,3802
1503960366,4/26/2016,1970
1624580081,4/26/2016,1402
1644430081,4/26/2016,3123
1844505072,4/26/2016,1347
1927972279,4/26/2016,2638
2022484408,4/26/2016,2793
2026352035,4/26/2016,1595
2320127002,4/26/2016,1632
2347167796,4/26/2016,1861
2873212765,4/26/2016,1882
3372868164,4/26/2016,2057
3977333714,4/26/2016,1551
4020332650,4/26/2016,1980
4319703577,4/26/2016,2236
4388161847,4/26/2016,2929
4445114986,4/26/2016,2291
4558609924,4/26/2016,2223
4702921684,4/26/2016,2784
5553957443,4/26/2016,2093
5577150313,4/26/2016,3088
6117666160,4/26/2016,2450
6290855005,4/26/2016,2060
6775888955,4/26/2016,2584
6962181067,4/26/2016,2012
7007744171,4/26/2016,2939
7086361926,4/26/2016,2781
8053475328,4/26/2016,2846
8253242879,4/26/2016,1813
8378563200,4/26/2016,3763
8583815059,4/26/2016,3093
8792009665,4/26/2016,1928
8877689391,4/26/2016,2860
1503960366,4/27/2016,2159
1624580081,4/27/2016,1670
1644430081,4/27/2016,2489
1844505072,4/27/2016,1348
1927972279,4/27/2016,2063
2022484408,4/27/2016,2463
2026352035,4/27/2016,1593
2320127002,4/27/2016,1481
2347167796,4/27/2016,2194
2873212765,4/27/2016,1966
3372868164,4/27/2016,2095
3977333714,4/27/2016,1377
4020332650,4/27/2016,1980
4319703577,4/27/2016,2324
4388161847,4/27/2016,3074
4445114986,4/27/2016,2361
4558609924,4/27/2016,2098
4702921684,4/27/2016,2908
5553957443,4/27/2016,1922
5577150313,4/27/2016,3294
6117666160,4/27/2016,2576
6290855005,4/27/2016,2743
6775888955,4/27/2016,1841
6962181067,4/27/2016,2034
7007744171,4/27/2016,2830
7086361926,4/27/2016,2693
8053475328,4/27/2016,2852
8253242879,4/27/2016,2008
8378563200,4/27/2016,3061
8583815059,4/27/2016,3142
8792009665,4/27/2016,2067
8877689391,4/27/2016,3808
1503960366,4/28/2016,1898
1624580081,4/28/2016,1401
1644430081,4/28/2016,3108
1844505072,4/28/2016,1992
1927972279,4/28/2016,2351
2022484408,4/28/2016,2296
2026352035,4/28/2016,1649
2320127002,4/28/2016,1473
2347167796,4/28/2016,1854
2873212765,4/28/2016,1835
3372868164,4/28/2016,1972
3977333714,4/28/2016,1407
4020332650,4/28/2016,1980
4319703577,4/28/2016,2367
4388161847,4/28/2016,2969
4445114986,4/28/2016,2203
4558609924,4/28/2016,2185
4702921684,4/28/2016,3033
5553957443,4/28/2016,1999
5577150313,4/28/2016,3580
6117666160,4/28/2016,1879
6290855005,4/28/2016,2687
6775888955,4/28/2016,1993
6962181067,4/28/2016,2182
7007744171,4/28/2016,2836
7086361926,4/28/2016,2862
8053475328,4/28/2016,3062
8253242879,4/28/2016,1580
8378563200,4/28/2016,2884
8583815059,4/28/2016,2757
8792009665,4/28/2016,2780
8877689391,4/28/2016,3060
1503960366,4/29/2016,1837
1624580081,4/29/2016,1404
1644430081,4/29/2016,2498
1844505072,4/29/2016,1856
1927972279,4/29/2016,2063
2022484408,4/29/2016,2611
2026352035,4/29/2016,1692
2320127002,4/29/2016,1410
2347167796,4/29/2016,403
2873212765,4/29/2016,1780
3372868164,4/29/2016,2044
3977333714,4/29/2016,1545
4020332650,4/29/2016,1980
4319703577,4/29/2016,2175
4388161847,4/29/2016,2979
4445114986,4/29/2016,2196
4558609924,4/29/2016,1918
4702921684,4/29/2016,3165
5553957443,4/29/2016,2169
5577150313,4/29/2016,3544
6117666160,4/29/2016,2560
6290855005,4/29/2016,2060
6775888955,4/29/2016,1841
6962181067,4/29/2016,2254
7007744171,4/29/2016,3180
7086361926,4/29/2016,2616
8053475328,4/29/2016,2794
8253242879,4/29/2016,1854
8378563200,4/29/2016,2982
8583815059,4/29/2016,3513
8792009665,4/29/2016,3101
8877689391,4/29/2016,2698
1503960366,4/30/2016,1947
1624580081,4/30/2016,1655
1644430081,4/30/2016,3846
1844505072,4/30/2016,1763
1927972279,4/30/2016,2064
2022484408,4/30/2016,2732
2026352035,4/30/2016,1506
2320127002,4/30/2016,1779
2873212765,4/30/2016,1830
3372868164,4/30/2016,1946
3977333714,4/30/2016,1650
4020332650,4/30/2016,1980
4319703577,4/30/2016,2092
4388161847,4/30/2016,3283
4445114986,4/30/2016,2363
4558609924,4/30/2016,2105
4702921684,4/30/2016,3115
5553957443,4/30/2016,1463
5577150313,4/30/2016,4501
6117666160,4/30/2016,2275
6290855005,4/30/2016,2843
6775888955,4/30/2016,2280
6962181067,4/30/2016,2002
7007744171,4/30/2016,2051
7086361926,4/30/2016,2995
8053475328,4/30/2016,2408
8253242879,4/30/2016,0
8378563200,4/30/2016,2660
8583815059,4/30/2016,3164
8792009665,4/30/2016,2896
8877689391,4/30/2016,4398
1503960366,5/1/2016,1820
1624580081,5/1/2016,2690
1644430081,5/1/2016,2696
1844505072,5/1/2016,1541
1927972279,5/1/2016,2411
2022484408,5/1/2016,2380
2026352035,5/1/2016,1447
2320127002,5/1/2016,1403
2873212765,5/1/2016,1739
3372868164,5/1/2016,1237
3977333714,5/1/2016,1501
4020332650,5/1/2016,1980
4319703577,5/1/2016,1593
4388161847,5/1/2016,2926
4445114986,5/1/2016,2246
4558609924,5/1/2016,1692
4702921684,5/1/2016,2017
5553957443,5/1/2016,1747
5577150313,5/1/2016,4546
6117666160,5/1/2016,2361
6290855005,5/1/2016,3327
6775888955,5/1/2016,2319
6962181067,5/1/2016,1740
7007744171,5/1/2016,2225
7086361926,5/1/2016,2730
8053475328,5/1/2016,1886
8378563200,5/1/2016,3369
8583815059,5/1/2016,2596
8792009665,5/1/2016,1962
8877689391,5/1/2016,2786
1503960366,5/2/2016,2004
1624580081,5/2/2016,1497
1644430081,5/2/2016,2580
1844505072,5/2/2016,1348
1927972279,5/2/2016,2505
2022484408,5/2/2016,2473
2026352035,5/2/2016,1690
2320127002,5/2/2016,1613
2873212765,5/2/2016,1878
3977333714,5/2/2016,1760
4020332650,5/2/2016,2207
4319703577,5/2/2016,2270
4388161847,5/2/2016,3147
4445114986,5/2/2016,2336
4558609924,5/2/2016,2066
4702921684,5/2/2016,2859
5553957443,5/2/2016,1996
5577150313,5/2/2016,3014
6117666160,5/2/2016,2044
6290855005,5/2/2016,2725
6775888955,5/2/2016,1841
6962181067,5/2/2016,2162
7007744171,5/2/2016,2642
7086361926,5/2/2016,2754
8053475328,5/2/2016,1988
8378563200,5/2/2016,3491
8583815059,5/2/2016,2894
8792009665,5/2/2016,2015
8877689391,5/2/2016,2189
1503960366,5/3/2016,1990
1624580081,5/3/2016,1334
1644430081,5/3/2016,3324
1844505072,5/3/2016,1742
1927972279,5/3/2016,2195
2022484408,5/3/2016,2752
2026352035,5/3/2016,1604
2320127002,5/3/2016,1878
2873212765,5/3/2016,1906
3977333714,5/3/2016,1710
4020332650,5/3/2016,2828
4319703577,5/3/2016,2235
4388161847,5/3/2016,3290
4445114986,5/3/2016,2421
4558609924,5/3/2016,1953
4702921684,5/3/2016,3145
5553957443,5/3/2016,2116
5577150313,5/3/2016,3795
6117666160,5/3/2016,1496
6290855005,5/3/2016,2671
6775888955,5/3/2016,1843
6962181067,5/3/2016,2072
7007744171,5/3/2016,2976
7086361926,5/3/2016,2754
8053475328,5/3/2016,3023
8378563200,5/3/2016,3784
8583815059,5/3/2016,3212
8792009665,5/3/2016,2297
8877689391,5/3/2016,2817
1503960366,5/4/2016,1819
1624580081,5/4/2016,1368
1644430081,5/4/2016,2222
1844505072,5/4/2016,1549
1927972279,5/4/2016,2338
2022484408,5/4/2016,2649
2026352035,5/4/2016,1658
2320127002,5/4/2016,1426
2873212765,5/4/2016,2015
3977333714,5/4/2016,1628
4020332650,5/4/2016,3879
4319703577,5/4/2016,2282
4388161847,5/4/2016,3162
4445114986,5/4/2016,2070
4558609924,5/4/2016,1842
4702921684,5/4/2016,3004
5553957443,5/4/2016,1698
5577150313,5/4/2016,2755
6117666160,5/4/2016,1902
6290855005,5/4/2016,2718
6775888955,5/4/2016,1841
6962181067,5/4/2016,2086
7007744171,5/4/2016,1557
7086361926,5/4/2016,2655
8053475328,5/4/2016,2918
8378563200,5/4/2016,3110
8583815059,5/4/2016,2516
8792009665,5/4/2016,2067
8877689391,5/4/2016,3477
1503960366,5/5/2016,1959
1624580081,5/5/2016,1370
1644430081,5/5/2016,2463
1844505072,5/5/2016,1589
1927972279,5/5/2016,2063
2022484408,5/5/2016,2609
2026352035,5/5/2016,1926
2320127002,5/5/2016,1780
2873212765,5/5/2016,1971
3977333714,5/5/2016,1618
4020332650,5/5/2016,3429
4319703577,5/5/2016,2530
4388161847,5/5/2016,2899
4445114986,5/5/2016,2120
4558609924,5/5/2016,2262
4702921684,5/5/2016,3006
5553957443,5/5/2016,2156
5577150313,5/5/2016,3004
6117666160,5/5/2016,2636
6290855005,5/5/2016,2682
6775888955,5/5/2016,1841
6962181067,5/5/2016,2066
7007744171,5/5/2016,2933
7086361926,5/5/2016,2386
8053475328,5/5/2016,2950
8378563200,5/5/2016,3783
8583815059,5/5/2016,3266
8792009665,5/5/2016,1688
8877689391,5/5/2016,3052
1503960366,5/6/2016,1896
1624580081,5/6/2016,1341
1644430081,5/6/2016,3328
1844505072,5/6/2016,1351
1927972279,5/6/2016,2383
2022484408,5/6/2016,2498
2026352035,5/6/2016,1736
2320127002,5/6/2016,1742
2873212765,5/6/2016,1910
3977333714,5/6/2016,1590
4020332650,5/6/2016,2704
4319703577,5/6/2016,2266
4388161847,5/6/2016,3425
4445114986,5/6/2016,2211
4558609924,5/6/2016,1722
4702921684,5/6/2016,2859
5553957443,5/6/2016,1916
5577150313,5/6/2016,2643
6117666160,5/6/2016,1838
6290855005,5/6/2016,2806
6775888955,5/6/2016,2496
6962181067,5/6/2016,1850
7007744171,5/6/2016,2553
7086361926,5/6/2016,2924
8053475328,5/6/2016,2859
8378563200,5/6/2016,3644
8583815059,5/6/2016,2683
8792009665,5/6/2016,1688
8877689391,5/6/2016,4015
1503960366,5/7/2016,1821
1624580081,5/7/2016,1474
1644430081,5/7/2016,3404
1844505072,5/7/2016,1347
1927972279,5/7/2016,2229
2022484408,5/7/2016,1995
2026352035,5/7/2016,1491
2320127002,5/7/2016,1972
2873212765,5/7/2016,1897
3977333714,5/7/2016,1574
4020332650,5/7/2016,2975
4319703577,5/7/2016,2158
4388161847,5/7/2016,4022
4445114986,5/7/2016,2123
4558609924,5/7/2016,1973
4702921684,5/7/2016,3683
5553957443,5/7/2016,1494
5577150313,5/7/2016,1819
6117666160,5/7/2016,2469
6290855005,5/7/2016,2613
6775888955,5/7/2016,1032
6962181067,5/7/2016,1947
7007744171,5/7/2016,120
7086361926,5/7/2016,2739
8053475328,5/7/2016,3331
8378563200,5/7/2016,2799
8583815059,5/7/2016,2810
8792009665,5/7/2016,1688
8877689391,5/7/2016,4142
1503960366,5/8/2016,1740
1624580081,5/8/2016,1427
1644430081,5/8/2016,2987
1844505072,5/8/2016,1347
1927972279,5/8/2016,2063
2022484408,5/8/2016,1848
2026352035,5/8/2016,1555
2320127002,5/8/2016,1821
2873212765,5/8/2016,2096
3977333714,5/8/2016,1633
4020332650,5/8/2016,3089
4319703577,5/8/2016,1792
4388161847,5/8/2016,3934
4445114986,5/8/2016,2423
4558609924,5/8/2016,2666
4702921684,5/8/2016,3287
5553957443,5/8/2016,1762
5577150313,5/8/2016,1819
6117666160,5/8/2016,2250
6290855005,5/8/2016,2712
6962181067,5/8/2016,1659
7086361926,5/8/2016,2534
8053475328,5/8/2016,3589
8378563200,5/8/2016,2685
8583815059,5/8/2016,2940
8792009665,5/8/2016,1688
8877689391,5/8/2016,2847
1503960366,5/9/2016,1819
1624580081,5/9/2016,1328
1644430081,5/9/2016,3008
1844505072,5/9/2016,1347
1927972279,5/9/2016,2063
2022484408,5/9/2016,2709
2026352035,5/9/2016,1869
2320127002,5/9/2016,1630
2873212765,5/9/2016,1906
3977333714,5/9/2016,1667
4020332650,5/9/2016,2785
4319703577,5/9/2016,2345
4388161847,5/9/2016,3013
4445114986,5/9/2016,2281
4558609924,5/9/2016,2223
4702921684,5/9/2016,2990
5553957443,5/9/2016,2272
5577150313,5/9/2016,2489
6117666160,5/9/2016,1248
6290855005,5/9/2016,2175
6962181067,5/9/2016,2105
7086361926,5/9/2016,2960
8053475328,5/9/2016,2765
8378563200,5/9/2016,3721
8583815059,5/9/2016,2947
8792009665,5/9/2016,1688
8877689391,5/9/2016,3710
1503960366,5/10/2016,1859
1624580081,5/10/2016,1393
1644430081,5/10/2016,2799
1844505072,5/10/2016,1347
1927972279,5/10/2016,2063
2022484408,5/10/2016,2797
2026352035,5/10/2016,1141
2320127002,5/10/2016,1899
2873212765,5/10/2016,1962
3977333714,5/10/2016,1630
4020332650,5/10/2016,2926
4319703577,5/10/2016,2260
4388161847,5/10/2016,3061
4445114986,5/10/2016,2181
4558609924,5/10/2016,1889
4702921684,5/10/2016,3172
5553957443,5/10/2016,2335
5577150313,5/10/2016,3841
6290855005,5/10/2016,0
6962181067,5/10/2016,2361
7086361926,5/10/2016,2800
8053475328,5/10/2016,2926
8378563200,5/10/2016,3586
8583815059,5/10/2016,2846
8792009665,5/10/2016,57
8877689391,5/10/2016,2832
1503960366,5/11/2016,1783
1624580081,5/11/2016,1359
1644430081,5/11/2016,1276
1844505072,5/11/2016,1347
1927972279,5/11/2016,2063
2022484408,5/11/2016,2544
2026352035,5/11/2016,1698
2320127002,5/11/2016,1903
2873212765,5/11/2016,1826
3977333714,5/11/2016,52
4020332650,5/11/2016,2645
4319703577,5/11/2016,2232
4388161847,5/11/2016,2954
4445114986,5/11/2016,2499
4558609924,5/11/2016,2131
4702921684,5/11/2016,3069
5553957443,5/11/2016,1693
5577150313,5/11/2016,1665
6962181067,5/11/2016,1855
7086361926,5/11/2016,2735
8053475328,5/11/2016,2809
8378563200,5/11/2016,3788
8583815059,5/11/2016,2804
8877689391,5/11/2016,3832
1503960366,5/12/2016,0
1624580081,5/12/2016,1002
1844505072,5/12/2016,665
1927972279,5/12/2016,1383
2022484408,5/12/2016,1853
2026352035,5/12/2016,1364
2320127002,5/12/2016,1125
2873212765,5/12/2016,1431
4020332650,5/12/2016,1120
4319703577,5/12/2016,257
4388161847,5/12/2016,1623
4445114986,5/12/2016,1212
4558609924,5/12/2016,1452
4702921684,5/12/2016,1240
5553957443,5/12/2016,741
6962181067,5/12/2016,928
7086361926,5/12/2016,1199
8053475328,5/12/2016,1505
8378563200,5/12/2016,1976
8583815059,5/12/2016,0
8877689391,5/12/2016,1849
